speaker;text
Guest-1;Als eerste het woord aan de heer Krul.
Guest-1;Van de Fractie van het CDA die een klemmende vraag heeft.
Guest-1;Aan minister Madlener.
Guest-2;Die heeft nog eens maken het vragenuurtje in dit jaar.
Guest-1;Te mogen open.
Guest-1;We gaan luisteren naar de heer Krol.
Guest-1;En voor ik best wel debatten met het Kamerlid Madlener mogelijk moet zeggen, het staat hem wel goed zo in vak k. Ja, alsof hij er al jaren zit? Eigenlijk ja, het.
Guest-3;Staat hem goed.
Guest-3;Voorzitter deelnemen aan het verkeer is deelnemen aan de samenleving. Het is eigenlijk samenleven In de praktijk. Je houdt rekening met elkaar, geef elkaar ruimte en je gedrag in het verkeer is eigenlijk een spiegel van hoe je je tot elkaar verhoudt, moeten anderen aan de kant voor jou haast of houd je rekening met anderen en in dat licht Voorzitter moeten we echt ingrijpen. Moeten we kei en keihard handhaven op wat er nu gebeurt?
Guest-3;Met de fatbikes het zijn kleine tanks die vaak te breed en te zwaar voor de fietsinfrastructuur zijn. In heel veel steden in Nederland. Ze vormen een gevaar voor medeweggebruikers en vormen een gevaar voor de toch vaak minderjarige bestuurders. Het is de hoogste tijd Voorzitter voor een invoering van een minimumleeftijd en een stevige uitrol van nieuwe rollerbanken over heel Nederland.
Guest-3;Maar voordat ik de minister bij vraag over zijn weigering om die minimumleeftijd in te voeren. Eerst wat vragen over hoe het bij de bron kunnen aanpakken, want we zullen iets moeten doen aan het egoïstische dikke ik gedrag op de vechtpark.
Guest-3;Te beginnen met fatbike vrije zones. Wethouders van elke politieke kleur in Nederland schreeuwen hierom.
Guest-3;Deelt de minister de opvatting dat gemeentes zo snel mogelijk.
Guest-3;De mogelijkheid moeten krijgen om lokale verboden in te voeren.
Guest-3;Concreet gaat de minister aan de slag met de VG voor een handreiking en een modelaanpassing van de APV, zodat gemeenten dit zelf kunnen invoeren.
Guest-3;En Voorzitter ja, de een tweetjes In de media zijn leuk, maar in die tijd hadden we ook meer rollerbanken kunnen uitrollen over Nederland. Dus mijn vraag Voorzitter, op welke datum verwacht de minister dat elke gemeente in Nederland over een rollerbank beschikt?
Guest-3;Voorzitter Ik vind het onbegrijpelijk dat dit kabinet een helmplicht voor fatbikes niet serieus beziet, want wat mogen we In de verantwoordelijke samenleving eigenlijk verwachten van een tienjarig kind op een apparaat, vaak zwaarder dan hijzelf?
Guest-3;Die met ruim 30 km per uur door de straat knalt. Hoe fatsoenlijk is het Als we daar niks aan doen? Hoe kijkt de minister dus ook naar de toename van het aantal ongelukken In de categorie 10 tot 14 jaar?
Guest-3;In een fatsoenlijk land Laten we dat toch niet gebeuren.
Guest-3;En Voorzitter.
Guest-3;Het is tijd voor daadkracht en ik begrijp dat ik dan tegen de minister zeg. Die hier voor de allereerste keer in contact met de Kamer heeft.
Guest-3;Maar goed, problemen zijn vaak continu en ministers. Gelukkig ook heeft deze minister zijn ambtenaren aan het werk gezet voor een juridische onderscheid tussen gewone elektrische fietsen en de fitbike. En zo nee, Waarom kan dat niet?
Guest-3;Ieder mens met ogen ziet toch dat een vet bike iets anders is dan een gewone elektrische fiets?
Guest-3;Wanneer kunnen we een nota verwachten die dat onderscheid gaat regelen dat zijn eerste vragen?
Guest-1;Dankuwel het woord dus aan de minister.
Guest-1;Dank u wel Voorzitter en dank u wel collega of oud collega moet ik zeggen voor de vragen die zo breed leven In de In de samenleving. Want naast de wolf en het Nederlands elftal en de Olympische Spelen heb ik heel veel fatbike nieuws gezien deze vakantie, dus ik begrijp de vragen.
Guest-1;En, Ik ben ook blij dat ik hier als eerste van het nieuwe kabinet hier het woord mag voeren. Dat vind ik 1 grote eer Voorzitter, dus Ik ga mijn best doen om goed naar de Kamer te luisteren en uit te leggen dat wat de Kamer vraagt ook consequenties heeft. En die moeten we ons wel realiseren. Het is overigens niet zo dat ik tegen iets ben, dat heb ik ook nooit gezegd In de pers. Ik heb Alleen gewezen op dat sommige maatregelen Natuurlijk wel hele grote consequenties hebben dat we goed moeten nadenken of we die nemen of niet.
Guest-1;En gelukkig gaat de Kamer hier allerlei opdrachten geven aan aan mij en Ik ga die graag uitvoeren Natuurlijk. Als daar een meerderheid voor bestaat. Dus de vragen over de fatbike, het handhaven, ja, handhaven van iets wat niet, wat niet mag dat doen we al, Maar het kan intensiever Er zijn overigens 250 rollenbanken aangeschaft ongeveer 250, dus bijna iedere gemeente een zou je zeggen. Maar ja, Dat is Natuurlijk het vergt ook heel veel.
Guest-1;Mankracht bij De politie om om daar die rol de bank aan de slag te zetten Mensen aan te houden, noem maar op, dus ook daar kunnen we intensiveren en ik zal ook met de minister van Justitie overleggen of dat anders kan of beter kan. En ook wat de rol van de lokale handhavers moet zijn. Fatbikes ja, Het is een veelbesproken onderwerp. We zien ze ook allemaal rijden steeds meer. Ik heb het grappige stoere fietsen genoemd, ze zijn ook heel populair en ik begrijp dat, want ze zien er leuk uit en Je kunt ze makkelijk opvoeren. Dus Als je jong bent, denk je.
Guest-1;Zo'n ding wil ik ook mijn zoontje zit nu al te zeuren. Mag ik straks ook een fatbike? Dus We gaan afwachten hoe dit verloopt en hoe zoontje is. Twee he geloof ik.
Guest-1;Ja, Hij is bijna 11.
Guest-1;En, Het is nog iets te jong voor een voor een fatbike. Gelukkig maar ja, dat komt Natuurlijk wel aan op gegeven moment wel een mobieltje en een vet bike. En dan ja, moet je toch nadenken of ze breed zwaar en gevaarlijk zijn? Dat is Natuurlijk Maar de vraag, want een fatbike is niet een aparte vervoers categorie. Een fatbike is een elektrische fiets met dikke banden en ik snap, ze zien er ook wel anders uit hè, ze zijn vaak wat kleiner en die dikke banden vallen op, Maar ik denk niet dat de dikke banden op zich het probleem zijn. Het is het probleem is Natuurlijk vooral dat.
Guest-1;Of te jonge Mensen hierop rijden, het zijn elektrische fietsen soms vaak ook opgevoerd, harder dan 25 km per uur en dat kan gevaarlijk zijn. En vooral Als je dan ook nog eens slecht gedraagt in het verkeer. Want dat herken ik wel. Ik ik liep pas door een winkelcentrum en dan word je van je sokken gereden door een stel jongens op van die fatbikes en die ja Er is Niemand om dan ze aan te pakken en dat gebeurt Natuurlijk heel veel in het land. En ja, dan krijgt de fatbike Natuurlijk een slechte naam, Fatbike vrije zones ja, een fatbike is dus een elektrische fiets met dikke banden.
Guest-1;En, Het is heel moeilijk, zo niet onmogelijk om een onderscheid te maken. Wettelijk tussen een fatbike en een elektrische fiets. En Dat is meteen ook de reden Waarom het lastig is om een fatbike vrije zone. Want dan gaan kijk, Als je dan dunnere banden op je fatbike zet, dan heb je dus een fatbike met smalle banden. Dus wat is een vet bike ik? Ik wil graag nadenken hierover en Ik hoop dat de Kamer dat zelf ook doet en mij richting geeft maar een fatbike als aparte categorie is toch heel lastig?
Guest-1;Het is een elektrische fiets en willen we dan voor alle fietsen, alle elektrische fietsen, een minimumleeftijd of een elektrische fiets vrije zone. Dat is dan eigenlijk mijn vraag terug, willen we dat? Want dat zou namelijk wel kunnen Als je dus Je kunt elektrische fietsen verbieden of een minimumleeftijd. Maar heel veel Mensen genieten Natuurlijk ook van een elektrische fiets. De rollenbank heb ik al gezegd, Er is bijna voor iedere gemeente een rollenbank, die moet Alleen maar gebruikt worden, dus Ik wil ook graag kijken, kunnen we die meer inzetten en zouden we die ook zouden? De politie die wellicht uit kunnen lenen aan lokale boa's aan handhavers om te kijken, is daar goed Samen te werken. Ik wil daar.
Guest-1;Over spreken met de minister van Justitie dan een helmplicht? Ja, een helmplicht zou dus ook gelden voor alle elektrische fietsen. Je kunt een helmplicht. Ik heb begrepen, in Zweden is er een helmplicht tot een bepaalde leeftijd. Dat zou ook nog kunnen, Maar het heeft wel consequenties. Ik denk wel dat het zal helpen, want Ajax het veiliger en B worden ze dan waarschijnlijk iets minder populair. Maar ja, dan moeten we wel alle kinderen een helm opzetten is wel een goed idee, maar gaan we die helmplicht voor Iedereen verplichten of niet? Heel veel ouderen rijden ook op elektrische fietsen en kunnen ook flink ten val komen, ook daar is het verstandig om een helm op te zet.
Guest-1;Willen we die helmplicht dan voor Iedereen Laten gelden om een elektrische fiets? Het zijn allemaal keuzes die ik nog niet gemaakt heb en die u als Kamer wellicht wel wil maken en dan hoor ik dat graag.
Guest-1;Daadkracht ja ik, Ik wil Natuurlijk wel daadkracht tonen, dus uw vragen neem ik heel serieus en hier wordt ook over nagedacht. Dit onderwerp leeft al langer dus, maar geef nog even de kans om om hier nog goed over na te denken met goede regelgeving te komen. Ja, het onderscheid fatbike elektrische fiets, dat moet gewoon beseffen is heel moeilijk te maken en dat maakt dus al de maatregelen toch vergaand, want een helmplicht of een minimumleeftijd voor een elektrische fiets. Dat zal heel veel Mensen raken, dus denk daar goed over na.
Guest-1;Ik ben graag bereid om alle maatregelen die de Kamer mij in meerderheid voorlegt uit te voeren. Dat moet hij ook weten. Ik heb Ik heb helemaal geen probleem met met welke maatregel dan ook, dus dat zeg ik de Kamer toe. Maar Laten we er goed over nadenken met elkaar. Of we dat echt willen en handhaven? Ja, dat moet beter gebeuren.
Guest-3;Allereerst Voorzitter dank de minister voor de beantwoording. Ik heb hem horen zeggen dat hij gaat bekijken met met de minister van J en V. Hoe de uitrol van de rollerbanken sneller kan. Ik ben benieuwd of hij ook bereid is daarvoor de begrotingsbehandeling van I en W over te rapporteren welke intensivering mogelijkheden hij dan inzet. Dat is één twee. Ik heb hem horen zeggen dat een helmplicht voor tot een bepaalde leeftijd een goed idee zou zijn voor kinderen. Dat is iets wat wij ons ter harte nemen dat de minister dat gezegd heeft. Ik heb nog wel een andere vraag. Hij geeft aan de minister geeft aan.
Guest-3;Graag moties die in meerderheid door de Kamer zijn aangenomen uit te voeren. Nou, de Kamer is gelukkig al wat langer actief dan vandaag en heeft ook in het verleden moties aangenomen om onder andere de motie Geurts over een verbod op het opvoeren van fatbikes. Die is inmiddels 3 jaar oud. Ook in meerderheid aangenomen zoals unaniem en Ik ben benieuwd of de minister ook bereid is om met nieuw beleid te komen om te voorkomen dat webshops en winkels makkelijk op te voeren, fietsen verkopen en of hij ook bereid is om naast dat nieuwe beleid bij elke verkoop van een fatbike wil bezien.
Guest-3;Of een verplichte cursus een optie is en of dat zou kunnen helpen.
Guest-3;En dan heb ik nog straks nog.
Guest-1;10 seconden ja de dank voor de vragen uitrol rollenbanken. Ja, Er zijn onlangs ongeveer 250 rollenbanken aangeschaft, dus Dat is al vrij breed aanwezig, maar ze moeten wel ingezet worden, dus Ik wil heel graag met de minister van J en V overleggen hoe we die rollenbanken beter kunnen gebruiken en of er ook een samenwerking mogelijk is tussen politie en lokale handhavers. Want daar die zou Natuurlijk enorm helpen om ook lokaal beleid hierop te voeren. Niet in ieder dorp of stad is dit een even groot probleem. Zeg ik ook tegen de heer Krul, want.
Guest-1;Ik snap in sommige steden waar het heel druk is dan scheuren die fatbikes Natuurlijk heel irritant over dat fietspad, Maar ik zie ook dorpen waar de middelbare school wat verder af ligt, waar heel veel kindjes zich heel goed gedragen en braaf naar school fietsen op zijn fiets. En die willen we Natuurlijk ook niet te veel belemmeren, dus Dat is wel de afweging. Maar lokaal beleid kan daar wellicht bij helpen. Ik wil dat graag toezeggen dat ik dat overleg met de minister van je NV hoe we daar kunnen samenwerken, de helmplicht tot een bepaalde leeftijd is een gedachte, Dat is dus in Zweden het geval.
Guest-1;Dat, dat zou een mogelijkheid zijn. Ik moet dat wel onderzoeken of dat hier in onze wetgeving past. Maar in Zweden kan het wel, dus Waarom hier niet, zou je zeggen. Ik wil het graag onderzoeken Als de Kamer mij die opdracht geeft, dan wil ik dat graag doen. Nou ja, als u de minister dat toezegt dan dat u dat wil onderzoeken, dan pakt die Ik wil dat best uitzoeken of dat hier te doen is over. Binnenkort heeft de Kamer ook een een debat waar motie ingediend kunnen worden en dan kunt u ook nog Natuurlijk.
Guest-1;Mij was directere opdrachten meegeven een helmplicht algemeen voor de elektrische fiets. Ja, willen we dat? Ik vind dat ook een vergaande maatregel, Maar ik sluit hem ook niet uit, dus denk daarover na ook als als landelijke denktank van Nederland zou ik willen zeggen, de Kamer kan dit vragen en dan zal ik het ook uitvoeren. Maar heel veel Mensen zullen het plezier van de elektrische fiets dan wat minder ervaren en wat minder gefietst. Ben ik bang Dat is dan de andere kant, Maar het is wel een stuk veiliger.
Guest-1;Verbod op het opvoeren van fatbikes is er al het, je mag maar 25 op een op een fiets op een elektrische fiets en anders krijg je 1 1 1 speed pedelec of brommer. Dat is dan zoals het nu is, dus dat verbod is er al.
Guest-1;En dan de laatste vraag, ja, een verplichte cursus. Ja, dat Ik weet niet ik ik daar zie kijk Als de Kamer dat wil dan dan gaan we dat doen, Maar ik, ik zou dat zelf toch wel een beetje betuttelend vinden bijna want en de vraag is lost dat iets op, want hoe lang duurt zo'n cursus dan? Ik denk van dat we vooral ook de, de Mensen die zich niet kunnen gedragen moeten aanpakken. Ik kan wel iets voorstellen dat Als je gepakt wordt met een opgevoerde fiets dat je dan een cursus gaat doen.
Guest-1;Maar om Iedereen nou een cursus te moeten geven om om een elektrische fiets te mogen rijden, gaat mij persoonlijk wel wat ver. Dus ook daar laat ik het initiatief vragen aan aan de Kamer.
Guest-3;Tot slot Voorzitter, Dit is de aftrap van het parlementaire seizoen en in zekere zin ook de aftrap van het nieuwe kabinet, het extraparlementaire kabinet en mijn oprechte vraag is de minister heeft aangegeven wat zijn lijn is? Hij heeft ook kunnen lezen dat er een Kamermeerderheid is die die leeftijdsgrens wil. Dat heeft hij al gelezen. Wat doet dat met zijn lijn? Gaat hij zich daarop aanpassen? Hoe verhoudt hij zich op het feit dat die Kamermeerderheid dat eigenlijk?
Guest-3;Nu al gezegd heeft.
Guest-1;Nou, Ik heb kennis genomen In de In de In de krant van Van de wens een minimum leeftijd. De vraag is Natuurlijk welke leeftijd 12 is niet handhaafbaar op dit moment, want de legitimatieplicht geldt pas vanaf 14 jaar. Je zou dus 14 kunnen kiezen als minimumleeftijd, dan zul je dus een aantal kinderen het verbieden om op een elektrische fiets te rijden. Dat is een keuze. 14 is is wellicht uit te voeren 16 kan Natuurlijk ook ja.
Guest-1;Of die meerderheid Er is. Ik neem aan dat dat ook in een stemming In de Kamer over een paar weken gezien kan worden. Ik ga niet naar aanleiding van krantenberichten in actie komen. We hebben binnenkort een debat met de Kamer over over dit onderwerp waar moties kunnen worden ingediend. Ik neem aan dat een van deze moties zal zijn, zoals de heer Knul die verwoordt en dan zullen we zien hoe dat afloopt. Ik sluit hem in ieder geval niet uit, dus Ik ga daar niet voor liggen Als de Kamer dat wil, dan voeren we dat uit. Dan is ook de nieuwe verhouding met de Kamer.
Guest-1;We hebben een kabinet wat zich tot hoofdlijnen beperkt en meer vrije ruimte aan de Kamer. En Dit is nou precies zo'n mooi onderwerp waar Iedereen iets van vindt en waar ik graag de ruimte aan de Kamer wil Laten. Ook om hier mij in te sturen. Dus dat vind ik ook wel heel mooi. Symbolisch als eerste debat met deze Kamer.
Guest-1;Dank u wel de heer de hoop GroenLinks Partij van de Arbeid.
Guest-4;Ja voorzitter het valt me op dat de minister heel nadrukkelijk de bal bij de Kamer neerlegt, Maar ik wil de minister er ook op wijzen via u Voorzitter dat hij verantwoordelijk is voor de verkeersveiligheid. En Als ik dan zie dat veiligheid.nl registreren dat in het eerste kwartaal de helft van de ongeluk met een vechtdijk kinderen tussen de 10 en de 14 jaar zijn en er vaak zwaar letsel bij is, dan maak ik me zorgen en 1 grote meerderheid van de Kamer maakt zich zorgen. Nota bene, uw eigen partij heeft al gezegd dat men een leeftijdsgrens en een helmplicht viel.
Guest-4;En Ik vind GroenLinks Partij van de Arbeid, vindt dat je die verantwoordelijkheid Misschien niet van 10 of 14 jarigen kunt verwachten, maar wel van deze minister. Dus ik zou zeggen, Wacht nou niet per se op die Kamer. Neem de verantwoordelijkheid die u ook heeft. Grijp nu in, want het loopt de spuigaten uit de meerderheid van de Mensen vinden echt dat er echt nu stap moet worden gezet, dus wacht niet op de Kamer. U ziet er meerderheid, neem uw rol, zou ik tegen u zeggen.
Guest-1;Ja voorzitter, ik begrijp wat de heer de hoop zegt. Ik ben Alleen net aangetreden als minister. Dit is het eerste debat wat ik met de Kamer voer en ik zie dat dit onderwerp op de agenda van de Kamer staat binnen enkele weken. Dus Ik denk dat het verstandig is om toch ook even dat debat met uw Kamer aan te gaan om te kijken is die meerderheid er echt en welke leeftijd ga je dan stellen? Want daar moet ik maar ook de Kamer heel goed over nadenken, want dit raakt kinderen een minimumleeftijd van 12 is dus heel moeilijk te stellen. Ik weet dat u dat had graag had willen doen van zeg ik via de Voorzitter.
Guest-1;Maar dat is moeilijk uit te voeren Omdat we geen legitimatieplicht hebben vanaf 12, maar vanaf 14. Je gaat dus die leeftijd hoger moeten stellen 14 of 16 en dan ga je dus ja een aantal kinderen hun elektrische fiets afpakken waar ze wel mee naar school gaan. En Dat is een keuze, Maar ik vind het toch heel goed om hier ook in een wat breder verband over na te denken dus en dat debat komt eraan, dus ik wacht toch heel graag af wat de Kamer hier wil. Dat is geen kwestie dat ik dat niet wil, Maar ik ben ook net aangetreden en ik.
Guest-1;Met behoefte aan ja aan een aan een geluid uit uw Kamer.
Guest-5;De heer Heutink, Partij voor de Vrijheid.
Guest-6;Ja voorzitter het gebruik van de fatbike loopt Natuurlijk de spuigaten uit en dat dat moet deze minister Natuurlijk ook zien en Het is dan ook heel erg gek Voorzitter dat de minister gewoon geen maatregelen wil nemen, dus wij gaan hier vandaag een vosweg doen. Voorzitter voor deze minister, wij verwachten en wij pleiten voor een minimumleeftijd van 14 jaar voor de fatbike. Maar om de fatbike nog verder te ontmoedigen Voorzitter willen we ook een helmplicht Alleen voor de fatbike, zeggen we tegen de minister.
Guest-6;En Daarom vragen we ook aan hem of hij kan onderzoeken of in ieder geval zich wil inzetten dat het onderscheid er gaat komen, want We willen niet dat al deze maatregelen ook voor de E bikes gaan gelden. Dus Voorzitter de vraag aan de minister is duidelijk, maakt dat onderscheid vraag aan hem?
Guest-1;Ja ik, ik begrijp die vraag. Ik heb Alleen aangegeven dat het dus heel moeilijk is om onderscheid te maken, want We moeten ook niet een dikke banden politie gaan instellen, want dat lost het probleem ook niet. Op 14 jaar zou kunnen, heb ik al gezegd. Althans, daar is in ieder geval een legitimatieplicht, dus Dat is te handhaven. Ik wil graag onderzoeken of die minimumleeftijd 14 jaar voor elektrische fietsen of Alleen fatbikes te maken is. Ik denk dat het niet Alleen voor de fatbike geldt, maar voor alle elektrische fietsen. Dat is mijn verwachting, Maar ik wil het.
Guest-1;Graag onderzoeken en de Kamer daar een nota over sturen of een notitie een brief heet. Dat geloof ik en dat zal ik dan proberen te doen voor het debat voor het tweeminutendebat veiligheid. Want daar wil de Kamer vast moties indienen, dus ik Ik wil dat best toezeggen dat we dat onderzoeken en of het Alleen voor de feedback kan. Ik ben bang van niet, zeg ik tegen de heer Heutink.
Guest-6;Voorzitter, Iedereen kan op het blote oog zien dat die vet bike een hele andere fiets is dan een gewone e bike. Dus Voorzitter. Ik ken de minister als een ontzettend creatief iemand. Ik ken hem al jaren Voorzitter, dus ik vraag aan die minister laat wat van die creativiteit zien? Ik weet dat de minister dat in zich heeft en dat die volgende week met goede resultaten kan komen, dus alstublieft minister, ga daarvoor.
Guest-1;Ja voorzitter dank voor de voor voor de voor de creativiteit. Ja, er wordt over nagedacht Alleen een gewone fiets vers een vet bike. Het onderscheid is toch niet zo makkelijk? Ik heb gedacht, zou het gewicht Misschien bepalend kunnen zijn, maar ook Dat is niet makkelijk, want het gewicht zit In de batterij en een gewone elektrische fiets kan ook wat wegen dus het Het is niet zo makkelijk Als de heer Heutink hier beweert, Maar ik wil u graag met een brief nog meenemen In de problemen die We hebben en.
Guest-1;Zodat u straks een goede keuze kunt maken over een paar weken en dan zal ik dat graag uitvoeren.
Guest-4;Mevrouw Veldman van de VVD.
Guest-7;Dank u Voorzitter en eigenlijk naar aanleiding van het voorgaande. Dat was ook mijn vraag. Ik ben blij dat daar een toezegging op is gedaan dat er een brief komt en wat de VVD betreft. De handhaving is inderdaad heel belangrijk. Dat is ook. Daar hebben we het over gehad en toezicht op de producenten, de importeurs, de verkopers ook Alleen. We zien ook dat het in feite nou een druppel op een gloeiende plaat wil ik niet zeggen, maar Er is veel meer nodig leeftijdsgrens goed Als we het daarover eens zijn, maar in feite gedragen die.
Guest-7;Fatbikes zich als een brommer zeg ik maar even zo, dus je zou kunnen zeggen dat de eisen die voor een brommer gelden ook van toepassing zouden moeten zijn op de fitbike. Ik heb gehoord dat dat onderscheid moeilijk te maken is. Gaat u ons over te informeren, hebben wij zelf ook al over gelezen als Kamer Alleen Niemand had ons verteld toen wij hier de Kamer in gingen of u de politiek in gingen dat het eenvoudig zou worden. Dus de oproep dat die ondersteuning van harte en Ik wil vragen om daar vooral ook vaart achter te zetten, dank u wel.
Guest-1;Ja onmogelijk of moeilijk moeilijk is, is te doen onmogelijk is niet te doen en Dat is hier het verschil. Dus Ik wil best kijken of we dat onderscheid kunnen maken, Maar ik heb begrepen dat het toch niet kan. En Als het niet kan dan betekent het dat dus voor alle elektrische fietsen hetzelfde beleid gaat gelden en dan is het de vraag, willen we dat dus Ik wil graag kijken, gaat ook in uw In de brief aan uw Kamer duidelijk melden, kunnen we een onderscheid maken tussen vet bike en gewone elektrische fiets, maar reken erop dat dat niet het geval is en dan gaat dus een leeftijdsgrens of een helmplicht.
Guest-1;Gelden voor alle Mensen om de elektrische fiets en dat kan een keuze zijn, Dat is prima. Daarbij beginnen we donderdag met een campagne tegen het opvoeren van fatbikes, dus Ik hoop dat heel veel ouders en kinderen kijken naar die campagne en denken. Laat ik het toch maar niet doen, want Je kunt Natuurlijk op een niet opgevoerde fatbike je keurig gedragen in het verkeer en dan hebben we het probleem ook voor een deel opgelost. Dus handhaving is zeer belangrijk. Ook daar zal ik In de brief uitgebreid op ingaan.
Guest-4;Dit Bamenga D 66.
Guest-8;Dank u wel Voorzitter. Ik hoor een aantal vragen dilemmas vanuit de minister. Kunnen we bijvoorbeeld hier überhaupt onderscheid maakten wel dat Iedereen eigenlijk wel kan zien dat er een onderscheid te maken is tussen fatbikes en e bikes, bij wijze van spreken en Het gaat hier echt om kinderen tussen 10 en 14 die ontzettend hier schade door krijgen. Ze scheuren nu Zonder rijbewijs Zonder helm, Zonder minimumleeftijd, Zonder verzekering.
Guest-8;Scheuren ze zo door de straten heen met heel veel gevolgen. Letsel werd net nog gezegd, gaat u naar Iedereen? Roept de minister op dit moment op tot actie. En die actie, die komt er maar niet en Daarom wil ik graag weten, Waarom pakt de minister niet gewoon door en zorgt de minister er niet gewoon voor dat die veiligheidseisen gelijk gesteld worden aan die bromfiets?
Guest-1;Nou wat de heer bij meng hier naar voren brengt. Voorzitter is heel belangrijk. Mensen moeten zich realiseren als jij opgevoerd rijdt of harder dan 25 op je fatbike ben je niet verzekerd. Ik denk dat het heel belangrijk is om om Iedereen te vertellen, want Dat is een heel groot probleem Als je een ongeluk krijgt. Dat kan enorme gevolgen hebben, ook financieel. Nog afgezien van het zware letsel. Dus ik deel de zorgen van de Kamer. U moet niet denken dat ik dat niet deel, Ik ben Alleen net aangetreden als minister en Ik wil graag met de Kamer in gesprek over welke maatregelen we.
Guest-1;Effen en ik zie dat er ook debatten zijn op hele korte termijn met de Kamer, dus lijkt me heel verstandig dat ik toch even ook de Kamer de gelegenheid geef om hier goed over na te denken en dan gezamenlijk met het het kabinet tot goede maatregelen te komen. Dat lijkt me niet gek, want over een paar weken hebben we dat debat, dus u moet het mij niet kwalijk nemen dat ik nu nog niet In de vakantie heb gezegd. Laten we nu maar allerlei maatregelen invoeren en zo snel gaat het ook niet, dus ik wacht toch even liever. Ik ga eerst u informeren als Kamer wat de mogelijkheden en onmogelijkheden zijn.
Guest-1;En dan kunnen we gezamenlijk hier een goede besluitvorming in nemen.
Guest-4;De grinwis van de ChristenUnie.
Guest-9;Voorzitter dank u wel ja, voorzitter zo aan het begin van dit parlementaire jaar past het ons Natuurlijk niet om de minister iets kwalijk te nemen, maar vooral om heel veel succes en wijsheid te wensen. En dat doe ik dan bij deze. Maar deze minister is Natuurlijk wel de hoeder van de verkeersveiligheid en die legt zijn lot Natuurlijk niet Alleen maar in in handen van de Kamer, maar vindt zelf ook iets en mijn oproep aan de minister is om zelf iets te vinden. Dus bij de brief die hij zojuist toegezegd heeft om voor het commissiedebat over verkeersveiligheid te schrijven, vraag ik hem niet Alleen uiteen te zetten wat allemaal wel en iets kan.
Guest-9;Maar daar ook. Zij zijn richting wat die ons adviseert mee te geven, want wij kunnen dan wel de nationale denktank zijn. Wij zien graag ook een minister die de leiding neemt, dus Dat is mijn oproep en specifiek vraag ik hem daarbij in te gaan op een paar dingen. Namelijk is hij bereid een algeheel opvoer verbod door te voeren, want dat hebben we nog niet. Ten tweede is hij bereid echt de richting te bepalen voor een helmplicht op e bikes, dus het liefst fatbikes voor minderjarigen en daar daar wil ik graag echt de ins en outs van zien, want Ik denk dat daar een oplossing zit.
Guest-9;Als er geen onderscheid gemaakt kunt kan worden tussen e bikes en fatbikes, wat we het liefst zou.
Guest-1;Ik wel willen de minister ja nou. Ten eerste is een opvoer verbod je mag niet je fiets opvoeren en zelfs het makkelijk op kunnen voeren van een fiets maakt de fiets illegaal. Dus We hebben wel degelijk maatregelen al getroffen. Alleen de handhaving is hier lastig, want Je moet al die Mensen wel controleren en dan moet je dan softwarematig doen. Ja, Ik kan me voorstellen als politieagent dat je niet even die al die die fietsen doorziet en ziet hoe dat werkt. Dat is heel ingewikkeld. Zeg ik daarbij dat dat weet de Kamer ook.
Guest-1;Het opvoeren verbod geldt dus al de helmplicht voor minderjarigen? Ja, Het is een interessante gedachte en Ik wil. Ik heb daar zeker ideeën over en Ik wil best ook de Kamer informeren hierover. Maar ik wil wel even ook weten. Is het allemaal uitvoerbaar? Dus Ik heb gehoord dat in Zweden dus een een helmplicht tot een bepaalde leeftijd geld nou is een interessante gedachte, want dan ga je dus niet Iedereen raken, Maar we zien ook heel veel ongelukken met ouderen op elektrische fietsen die dan geen helmplicht hebben. Dus je Je kunt je ook afvragen.
Guest-1;Waarom dan niet Iedereen op een elektrische fiets? Dus, nou ja, We moeten er allemaal over nadenken. Ik zal dat ook doen als minister en dan zal ik u in het debat ook mijn gedachten daarbij geven. Maar uiteindelijk heeft de Kamer het laatste woord en Ik hoop dat dat er verstandige zaken worden besloten.
Guest-4;De heer van kent van.
Guest-8;De SP ja voorzitter heel Nederland ziet dat het levensgevaarlijk is. Levensgevaarlijk voor de kinderen op die fatbikes, maar ook levensgevaarlijk voor de andere weggebruikers. En ik begrijp niet helemaal Waarom de minister hier een beetje als een bange bureaucraat terugverwijst naar de Kamer brieven aankondigt in plaats van hier als nieuwe minister, zegt Ja, ik zie ook, Het is levensgevaarlijk. Er komt een helmplicht specifiek voor fatbikes en er komt een leeftijdsgrens van 16. Ik zou toch echt de minister willen vragen naar zijn opvatting daarover.
Guest-8;En wanneer er maatregelen genomen gaan worden, want Het is levensgevaarlijk zo.
Guest-1;Ja, ja, Het is een zeer emotionele oproep en ik begrijp ik ook wel, Maar ik vind dat tegenover al dat verbieden. En 16 staat ook de vrijheid van sommige Mensen om daarvan te genieten. Die ga je het ook opnemen, dus Ik vind dat we hier wel even heel zorgvuldig over na moeten denken. Ik vind niet dat u de minister kwalijk kan nemen dat u hier ook de tijd voor wil nemen, Omdat de consequenties heel groot zijn. Er rijden inmiddels 30 40.000 fatbikes rond en en heel veel ook.
Guest-1;Zonder die problemen, dus Ik heb oog voor de problemen, Maar we moeten hier toch even heel goed over nadenken. Ik vind niet dat dat dat we dat hier nu even moeten beslissen en ik hoor u zeggen. 16 Een ander zegt 12, de ander zegt 14. Het heeft allemaal consequenties, dus Ik kan me er alles bij voorstellen dat we komen tot een bepaalde helmplicht tot 1 bepaalde leeftijdsgrens. En dat wil ik ook zeker serieus nemen. Maar ik vind toch dat we daar heel goed over na moeten denken en niet hè? Dit ligt al jaren op tafel dit dossier dat we hier nu niet met deze nieuwe minister ineens maar maar snel wat gaan doen.
Guest-1;Het heeft allemaal consequenties en daar moeten we allemaal even over nadenken, maar dan hebben we wel ja toch snel resultaat, denk ik.
Guest-4;De heer Diederik van Dijk van de s.
Guest-1;GP dank u wel voorzitter voorzitter in ziekenhuizen worden fatbikes inmiddels gezien als goede potentiële orgaandonoren. Dat is Natuurlijk verschrikkelijk. Daar moeten we heel gauw vanaf, dus heel goed dat hier paal en perk aan wordt gesteld. Een kritische bezinning op plaatsvindt dan dat onderscheid tussen gewone e bikes en fat bikes. Het verbaast mij dat de minister hier eigenlijk zo weinig ambitie betoont. Slappe hap zou ik bijna zeggen, het zou voor de minister ook onaanvaardbaar moeten zijn dat er minimum leeftijd.
Guest-10;Straks ook kunnen gelden voor alle in bikes. Dat zou een onaanvaardbare uitkomst zijnde gelet op die 10.000 en scholieren die dagelijks gebruik maken op een goede wijze van e bikes. Dus ja, gaat de minister daar ook voor?
Guest-1;Ja voorzitter, Ik heb al gezegd, ik sluit geen enkele maatregel uit en Ik ga onderzoeken of dat onderscheid wettelijk te maken is. Ik heb Alleen gezegd, ik verwacht dat dat niet kan. Maar goed, Ik ga het nogmaals op schrift stellen en aan uw Kamer sturen. Maar ik kan geen ijzer met handen smeden. Als het niet kan kan het niet en dan zal het dus voor alle e bikes gaan gelden en dat moeten we ook onder ogen zien. Dat is geen onwil van mijn kant, Dat is gewoon een realiteit waar ik mee te maken heb en Ik ben zeker niet onwillig om om vergaande maatregelen te treffen om die.
Guest-1;Gevaarlijke situaties die je terecht noemt ja te voorkomen.
Guest-4;De ónger van Dijk en FC.
Guest-3;Ja dank voorzitter Het is hem wel eens duidelijk dat vet bikes onze straten terroriseren en dat meer actie nodig is dan eerder is aangekondigd en we mogen van de minister verwachten dat hij zelf ook verder gaat dan adviseren van deze Kamer. Dus ik verwacht ook nu die brief is toegezegd dat er ook wordt gezegd door deze minister. Wat hij wil gaan doen, want Er is echt meer nodig en dan toch twee suggesties op dat punt. Daar is Misschien een ander opvoer verbod. Hoe staat het met het zeg maar verbieden van de opvoer setjes en twee kunnen we niet ook naar een typegoedkeuring gaan voor elektrische fietsen, zodat we in ieder geval al die.
Guest-3;Nog vreselijker ook Chinese makelaardij makelij fietsen van onze wegen kunnen weren.
Guest-1;Ja op voor setjes, Dat is nog uit de tijd van de brommer zou ik bijna willen zeggen. Het zijn vaak softwarematige aanpassingen die gedaan kunnen worden en over China. Ik ben bang dat de meeste onderdelen van al die fietsen die hier koopt uit China komen, dus ook dat onderscheid is niet helemaal te maken. Ik hoor wel degelijk wat u en wat de Kamer hier mij als opdracht geeft. Namelijk pak die dingen aan, Maar dat dan moeten we dat onderscheid wel kunnen maken en Ik denk dat dat heel moeilijk is. Ik ga dat uitzoeken, daar wordt al aan gewerkt, zeg ik daarbij en Ik ga de Kamer daar op korte termijn over informeren.
Guest-1;Zodat we daar gezamenlijk een beslissing over kunnen nemen.
Guest-4;De verhoudingen, forum voor.
Guest-11;Democratie ja dank u voorzitter ja, deze discussie gaat meer in het algemeen Natuurlijk over het belang van enerzijds verkeersveiligheid, anderzijds vrijheid tot mijn verbazing eigenlijk. De hele Kamer benadrukt het belang van verkeersveiligheid. En dan was ik zo aangenaam verrast Voorzitter tijdens ons kennismakingsgesprek dat de minister heb gehad hebben het kort gehad over dus die die bijvoorbeeld die plicht die komt van de Europese Unie Omdat alle auto's een piepje moeten krijgen en uw auto's Als je Als je te hard rijdt. En toen had ik de indruk van deze minister de minister ook in zijn in zijn antwoord, maar ook in zijn lichaamstaal is het van ja wat wat onzinnig betutteling weer en dan zou ik de minister willen vragen gewoon in het algemeen hè? Deze hele discussie hoornen.
Guest-11;Is het niet zo dat we eigenlijk al te veel hamer ook als Tweede Kamer op verkeersveiligheid ten kosten juist van die vrijheid dat eigenlijk al teveel het algemeen teveel betutteling is dat we nu weer die afslag dreigen te kiezen.
Guest-1;Ja, Dat is Natuurlijk inderdaad het dilemma waar we voor staan, want wat je hier gaat aan maatregelen gaat doen, beperkt de vrijheid van een heleboel Mensen dus vandaar dat ik dat zorgvuldig wil doen en liefst met 1 grote meerderheid in deze Kamer. We hebben allemaal zorgen over de veiligheid. Het zijn ook niet de fietsen per se die onveilig zijn, maar Natuurlijk de bereiders die daarop zitten. Dat moeten we ook goed goed zien. Het mag al niet opgevoerde fatbikes bereiden, dus de handhaving ja, daar Laten we ook steken vallen, dat moet ook beter.
Guest-1;Ja, dat gaan we allemaal, dat moeten we allemaal gaan doen en die piepjes In de auto. Ja, Ik heb ook mijn twijfels of dat wel de veiligheid bevorderd, want Als je dan dat piepje weer uit moet zetten, dan ben je weer afgeleid. Ook dat moeten we nog verder uitzoeken, Maar dat is een ander onderwerp voorstel. Dus We moeten gewoon oog hebben voor wat er allemaal leeft. Er zijn heel veel zorgen over veiligheid, maar ook over overlast. Dat moeten we aanpakken Zonder al te veel de vrijheid van Van Mensen om op een fiets te rijden te beperken, dus daar gaan we. Dan moet er verstandige keuze maken.
Guest-11;Dank u voorzitter, ja, tot slot, Misschien kan ik tenminste tot slot vragen of wij dan dit soort afweging meer het algemeen dus de de.
Guest-11;Ja, maar tussen de ene kant verkeersveiligheid, andere kant, vrijheid, betutteling of die wellicht in die brief. Die begrijp ik naar de Kamer komt of die dat soort algemene afweging of die daar ook iets over op papier zou.
Guest-1;Kunnen willen zetten. Dank u naar de algemene afweging kan ik niet op papier zetten, want dit zijn hele specifieke afwegingen, namelijk een minimumleeftijd voor een fiets dat dat dat dus dat kan niet voor algemeen niseren, maar in het algemeen geldt wel dat vrijheid versus regelgeving Natuurlijk altijd voor ons een zorg is. Wij moeten daar allemaal voor waken dat dat we niet teveel ene of de andere kant doorschieten, dus Dat is Dat is een opdracht die we allemaal hebben.
Guest-1;Maar hier moeten we het specifiek hebben over de fiets en dan dan moeten we daar een keuze in maken. Ik zal een aanzet doen met een goede brief naar de Kamer, waarin de mogelijkheden en onmogelijkheden op een rij worden gezet. En dan kunnen we daar dit maatschappelijke debat wat ik zo zeggen, hopelijk snel mee afronden.
Guest-4;Mevrouw van der Plas B.
Guest-12;Dank u wel allereerst goed om u hier weer te zien. Voorzitter in uw Voorzitter en de ministers ook en de menselijke Kamer.
Guest-12;En Natuurlijk niet te vergeten, de Mensen voor wie wij het allemaal doen, waarvan een deel vandaag op de tribune zit. Iedereen gezond terug is gekomen van vakantie.
Guest-4;Ja nou, u bent door uw.
Guest-4;Tijd heen, Ik ben benieuwd naar een reactie van de minister.
Guest-12;Ik heb een hele korte vraag, want wij horen heel veel van ondernemers in stadscentra in winkelcentra. Die zeggen ons niet morgen, maar nu maatregelen nemen en wat die maatregelen dan zijn. Ik denk dat de minister goeie goeie aanzet heeft gegeven. Ook op voorstel van Van de heer Heutink. Maar wat ik graag wil weten is, wordt er ook overlegd met ondernemers en ook met handhavers en en politie in in steden in Nederland.
Guest-12;Hoe je in die tussentijd die gigantische overlast van dat nou soms wel echt wat terroriserende gedrag van sommige fatbike riders om die aan te pakken, wordt daar ook naar gekeken.
Guest-1;Ja, Ik denk dat daar naar gekeken wordt, maar ook vooral beter moet worden, want je ziet je ziet dat die overlast aanpak toch wat tekort schiet op een heleboel plekken. Dat is eigenlijk meer een onderwerp tussen de minister van Justitie en de lokale overheden die de de boa's de bijzondere opsporingsambtenaren in hun korps hebben. Dus ja, Ik denk wel dat dat gesprek gevoerd moet worden, dus Ik wilde ook een aanzet toe gegeven door te vragen aan de minister van J en V om hier in mee te denken. Die rollenbanken zijn aangeschaft door De politie, maar die kunnen Misschien prima gebruikt worden, ook door de.
Guest-1;Lokale handhavers dus ik. Ik denk wel dat het heel belangrijk is dat die dat die dat die handhaving versterkt wordt, dus maar goed, ik zal dat meegeven meenemen in het kabinet en u daar ook over antwoordde. Dank u wel dank minister Madlener voor zijn debuut in vak K.
Guest-4;En dan geef ik graag het woord aan mevrouw Beckerman van de Fractie van de SP voor de volgende vraag.
Guest-4;En die vraag wordt gesteld aan de minister van klimaat en groene groei die we eveneens van harte welkom heten hier In de Tweede Kamer. Ik geef graag het woord aan mevrouw Beckerman.
Guest-1;Ja goedemiddag.
Guest-13;De gaskraan in Groningen is dicht. Onveilig huizen worden nu eindelijk versterkt en de schadeafhandeling is milder, menselijker en makkelijker, toch?
Guest-13;Dat is het verhaal dat een heel Nederland wordt verteld.
Guest-13;Maar helaas is dit niet waar?
Guest-13;Er is vertraging bij de versterkingsoperatie. De keer op keer verschoven deadline weer niet gehaald.
Guest-13;De ongelijkheid in dorpen en buurten is gigantisch en ruim 20.000 Mensen wachten op schadeafhandeling.
Guest-13;En die gaskraan.
Guest-13;Die is niet echt uit. 16 kleine Groningse gasvelden wordt nog gas gewonnen.
Guest-13;En het lef.
Guest-13;Van Shell en Exxon.
Guest-13;Die zo gruwelijk veel ellende hebben aangericht. Zij vragen nu om nog 8 jaar langer gas te mogen winnen in Groningen uit het veld bij barchem en een vraag aan het kabinet, wat is daarop het antwoord van het kabinet? Dit is de eerste kans voor het nieuwe kabinet.
Guest-13;Luistert u?
Guest-13;Opnieuw naar Shell en Exxon of luistert u naar Groningers? Zeg nee tegen de extra gaswinning uit het gasveld bij warffum in Groningen.
Guest-4;Dank u wel het woord aan de minister.
Guest-7;Voorzitter dank u wel en bijzonder om op de eerste dag van het parlementaire jaar in dit vragenuur over dit belangrijke onderwerp een vraag te mogen beantwoorden.
Guest-7;En de vraag van mevrouw Beckerman is kort en krachtig, kort en bondig. En het antwoord daarop is dat iets minder, Omdat ik Omdat het kabinet nog geen besluit hierover genomen heeft. Er ligt inderdaad een aanvraag om door te kunnen gaan met gaswinning in warffum en een van de kleine gasvelden in Groningen. Maar dat besluit heeft het kabinet nog niet genomen en dat zal het kabinet doen na een zorgvuldig proces.
Guest-7;En Voorzitter dit even als kort antwoord op de korte vraag van mevrouw Beckerman, maar staat u mij toe een aantal dingen te zeggen over gaswinning over gaswinning In de kleine velden en over het belang van gaswinning in Nederland voor onze energietransitie?
Guest-7;Voordat ik dat doe, wil ik iets zeggen over dat ik begrijp dat Mensen In de eigenlijk de inwoners moet ik zeggen van Hogeland en dan vandaag In de bijzondere inwoners van warffum dat zij zorgen hebben rondom de winning van gas uit kleine velden. Zeker Omdat dat heel dicht bij het Groninger veld ligt.
Guest-7;En Ik kan niet anders dan zeggen dat ik die zorgen serieus neem en dat ik daarover ook heel graag met de inwoners van het Hogeland, met de inwoners van het dorp Warffum in gesprek gaan. Net zoals ik dat vorige week internaat heb gedaan.
Guest-7;En u kunt er ook vanuit gaan dat het kabinet Alleen toestemming geeft om gas te winnen als dat veilig kan voor mens en Milieu. Maar we hebben in Nederland nog wel Energy nodig om ons land draaiende te houden om thuis te kunnen koken om bedrijven en instellingen te kunnen Laten functioneren.
Guest-7;En, we zullen ook niet van mening verschillen dat dat niet Zonder Energy kan, dat we het liefst Energy willen die zo min mogelijk belastend is voor ons land en voor onze planeet.
Guest-7;En, We willen ervoor zorgen dat we zo snel mogelijk onafhankelijk zijn van regimes waar we helemaal niet van afhankelijk willen zijn. Maar die nieuwe energiebronnen zijn er nog niet voldoende om ons land op te kunnen Laten draaien. We zijn nog steeds afhankelijk van gas en Daarom winnen we ook nog steeds gas uit. Kleine velden. Ik zei het al, er ligt een verzoek van nam om het winningsplan te verlengen tot tot en met maximaal 2032 en ik herhaal, daarover heeft het kabinet nog geen besluit genomen. Dat doet het kabinet mede op basis.
Guest-7;Van adviezen van TNOSODM in decentrale overheden op een later moment.
Guest-7;En wanneer het besluit dus precies gaat plaatsvinden, kan ik u Daarom niet vertellen, want Ik wil dat besluit zorgvuldig nemen. Maar zoals gezegd bij het uiteindelijke besluit staat de veiligheid altijd voorop. Daar kunnen de inwoners van het Hogeland op rekenen.
Guest-13;Voorzitter Het is een lang antwoord en Ik denk dat Als je luistert en je woont niet in Groningen of je woont niet in warffum, dan denk je.
Guest-13;Dat is vriendelijk geformuleerd.
Guest-13;Klinkt redelijk en het klinkt afgewogen.
Guest-13;Maar wat nou?
Guest-13;Als je in warffum woont wat nou?
Guest-13;Als je in Groningen bent?
Guest-13;En Voorzitter ik dacht, Dit is een nieuw kabinet, Dit is een nieuwe kans.
Guest-13;En we weten, deze minister heeft lang voor premier Rutte gewerkt.
Guest-13;Maar ik hoor hier toch ook echt de woorden.
Guest-13;Van Rutte en Ik wil dat toelichten.
Guest-13;Jarenlang.
Guest-13;Hoorden we in Groningen debatten. Het kan niet anders, We hebben gas nog even nodig. Het is een zorgvuldig proces.
Guest-13;En elke keer.
Guest-13;Gingen de belangen van de staat Shell en Exxon boven de belangen.
Guest-13;Van Groningers.
Guest-13;Groningers werden uitgespeeld tegen de rest van Nederland.
Guest-13;Elke keer Voorzitter en Het is gewoon niet waar wat de minister je zegt, Dit is geen gas wat gebruikt wordt voor huishoudens die anders In de kou zitten. Dit is gas wat verpatst wordt op een internationale markt. Nog steeds is ook het kabinet coulant naar de grote verbruikers. Ja, We moeten iets doen voor de inwoners van Nederland, maar geef niet opnieuw het antwoord wat Groningen zo diep In de ellende heeft gestort.
Guest-13;En zeg nu nee tegen Shell en Exxon en laat niet de technische belangen, Maar de menselijke belangen voorop staan.
Guest-7;Voorzitter ik gaf aan het begin direct kort en bondig antwoord op de vraag van mevrouw Beckerman en daarna gaf ik inderdaad een wat langer antwoord meer een toelichting op de overwegingen.
Guest-7;Om de zorgvuldigheid en de belang van die zorgvuldigheid van dit besluit, het besluit dat het kabinet moet nemen te benadrukken, want Dat is wat hier aan ten grondslag ligt. Dat is de verantwoordelijkheid die ik voel en die het kabinet heeft Als we hier een besluit over nemen. En ja, daarbij hoort ook dat ik in gesprek ga dat ik hoor waar zorgen zitten, wat er speelt, wat er niet goed gaat, wat er wel goed gaat. Noem het allemaal maar op dat ik de adviezen die de 3 adviseurs of twee adviseurs moet ik zeggen aan het kabinet geven en ook de decentrale overheid.
Guest-7;Overheden aan het kabinet geven dat ik dat allemaal weeg en dat laat zich niet vangen in een antwoord in een woordje of in 3 zinnen. Dat laat zich gevangen in een zorgvuldig proces waarin ik luister en aandacht heb voor Iedereen die betrokken is dat dat ik.
Guest-7;Wat op een zorgvuldige wijze weeg en met mijn collega's in het kabinet bespreek en dan tot een tot 1 besluit kon dat nogmaals besluit zal ik zorgvuldig nemen en daarbij zal altijd veiligheid voorop staan.
Guest-13;Voorzitter, zorgvuldigheid luisteren in gesprek. Het zijn hele mooie woorden Voorzitter.
Guest-13;En, Ik heb hier heel vaak In de Kamer gestaan en dan werden er inderdaad vanuit vak k hele mooie woorden gesproken. Bijvoorbeeld ruimhartigheid hoorden we jarenlang.
Guest-13;Maar de praktijk voor gedupeerde Groningers was altijd in andere en Ik wil eigenlijk dit kabinet een nieuwe kans geven en twee zinnetjes uit de reactie van het vorige kabinet op de parlementaire enquête nog voorlezen de rijksoverheid en de oliemaatschappijen hebben structureel de belangen van omwonenden genegeerd en twee de overheid kan Mensen niet 10 jaar van hun leven teruggeven. Het kabinet kan wel deze laatste kans benutten om het beter te doen en Dat is mijn opdracht. Mijn oproep van vandaag, doe het.
Guest-13;Beter.
Guest-13;Mensen willen duidelijkheid van de overheid en niet opnieuw dezelfde ellende waar ze keer op keer zijn ingestort.
Guest-7;Voorzitter die oproep tot duidelijkheid kan ik Alleen maar onderschrijven. Zoals ik al zei, was ik vorige week in Ternaard en was het denk ik het woord duidelijkheid is het meest gevallen in dat in dat hele gesprek. En daar is mij ook alles aan gelegen. En dat geldt ook voor dit besluit.
Guest-4;Dankuwel, bisschop van de.
Guest-4;GroenLinks, Partij van de Arbeid Fractie.
Guest-5;De gaskraan van het groningenveld is gesloten, maar nog steeds wordt de gas gewonnen in 17 kleine velden in Groningen. Nog steeds wachten 1000 en Groningers in een onveilig huis met schade? Nog steeds is het wantrouwen van Groningers In de overheid enorm. En dan is mijn vraag aan de minister, hoe kun je dat wantrouwen wegnemen en het vertrouwen herstellen Als je zou besluiten om weer gas boven Groningers te stellen?
Guest-7;Voorzitter dat er wantrouwen is, dat wist ik en heb ik ook zelf vorige week ervaren in dat gesprek in. Nou, Dat was in Friesland, Maar ik kan me heel goed voorstellen dat Als ik naar warven ga dat ik een zelfde TYPE gevoel en emotie zal ervaren. En dat begrijp ik ook echt dondersgoed. Maar hier hoort bij die duidelijkheid waar ik het net over had ik Het is. Het is mijn taak In de rol die Ik heb en om vervolgens ook in het kabinet dat besluit te kunnen nemen om al die verhalen om al die meningen om alle argumenten te horen.
Guest-7;Van inwoners van de bestuurders in in Groningen en en omliggende gemeenten van thee NO van de mijnbouw Raad van SODM van Iedereen om dan tot een afgewogen besluit te komen. Dat voel ik als mijn verantwoordelijkheid als minister van klimaat en groene groei en dat voel ik als een verantwoordelijkheid om dat in het kabinet te brengen om zo tot een.
Guest-4;Besluit te komen, mevrouw Rooderkerk D 6 en.
Guest-14;60 Voorzitter ik hoor de minister op haar eerste dag hier in deze Kamer. Het hebben over het belang van gasboringen.
Guest-14;Maar we spreken haar nu niet Alleen als minister die over mij gaat, maar zeker ook over klimaat. En ik verwacht dus ook dat zij daar alles aan doet om duurzame alternatieven en oplossingen aantrekkelijker te maken. En ten tweede hoor ik haar zeggen dat zij nog geen besluit heeft genomen, maar dan wil ik toch eventjes wijzen op het hoofdlijnenakkoord van dit kabinet. Geen Gronings gas meer. Het zijn niet mijn zin. Het staat letterlijk in het hoofdlijnenakkoord.
Guest-14;Ik ben benieuwd of de minister kan aangeven dat zij zich houdt aan wat daar staat dat zij zich houdt aan wat beloofd is aan Groningers wiens huis nog steeds hersteld wordt wiens kinderen trauma's hebben Omdat hun eigen huis niet veilig is en dat zij wettelijk vastlegt dat behoren in Groningen naar gas niet meer gaat gebeuren. Of is het de eerste verbroken verkiezingsbelofte richting kiezers?
Guest-7;Voorzitter in het hoofdlijnenakkoord is heel duidelijk afgesproken dat we voortzetten dat we niet op geen enkele manier tornen aan de afspraak die het vorige kabinet heeft gemaakt met Groningen namelijk geen gaswinning uit het groningenveld. Hier gaat het over gaswinning uit kleine velden. Dat is echt een andere discussie op uw eerste vraag of ik ook doorga met het stimuleren van duurzame andere vormen van Energy, zon, wind, kernenergie. Ja, dat ga ik. Dat was een ongelooflijk belangrijk deel van mijn portefeuille. Maar om die energietransitie door te komen om.
Guest-7;Straks uiteindelijk onafhankelijk van gas onafhankelijk van regimes te kunnen opereren waar we niet afhankelijk van kunnen zijn, hebben we gas nog even nodig. We hebben het nodig om ons door die transitie te krijgen, maar stimuleren van die duurzame alternatieven. Jazeker, daar ben ik mee.
Guest-4;Bezig mevrouw Teunissen Partij voor.
Guest-7;De dieren Voorzitter dankuwel Als ik de minister zo beluister, dan heb ik het idee dat zij een discussie wil openen die we al jarenlang hebben gevoerd en die We hebben afgesloten met de fabuleuze woorden van premier. Voormalig premier Rutte de gaswinning in Groningen.
Guest-7;Stopt.
Guest-7;Dat was heel duidelijk. Daar is een jarenlange discussie aan voorafgegaan. Allemaal gebroken beloftes aan vooraf gegaan. Groningers met bloed, zweet en tranen voor gevochten zodat het de gaswinning daadwerkelijk stopt. En wat doet de minister nu? Voorzitter? Die probeert weer het oude argument erbij te halen. Van ja, We hebben die gaswinning nodig. Er is al lang aangetoond dat we Zonder de gaswinning in Groningen kunnen. Bovendien is het het voor vorige kabinet geweest dat veel te weinig heeft ingezet op alternatieven voor duurzame Energy.
Guest-7;Altijd maar vertragingstactieken heeft uitgevoerd, waardoor we in Nederland te maken hebben inderdaad een energietekort, Maar dat is niet afhankelijk van Groningen. Dat hebben we ook al lang vastgesteld Voorzitter Omdat de minister nieuw is, geef ik haar nog een kans. Wil zij nu klip en klaar zeggen, Omdat zo vaak het vertrouwen van de Groningers is verbroken en ik wel vanuit vertrouwen wil handelen, zeg ik nu nee tegen die vergunning in Warffum voorzitter, Ik heb niets voor niets het antwoord gegeven op de vraag van mevrouw Beckerman, zoals ik hem heb gegeven.
Guest-7;Het antwoord laat zich namelijk niet nu even op dit moment in een simpel antwoord in één woord geven, dus dat doe ik ook niet, Omdat Ik vind dat ik dat dit kabinet dit besluit zorgvuldig moet nemen. En Ik kan daarbij één ding, benadrukken, gas uit het groningerveld, dat winnen we niet meer en dat gaan we ook niet doen. Dat is gestopt. Dat staat vast In de wet, Dat is wat Het is.
Guest-7;Voorzitter zorgvuldigheid hebben we jarenlang betracht. Er is een parlementaire enquête geweest die heeft gezegd de belangen van de Groningers zijn structureel genegeerd decennialang. Dus Ik heb een vraag over die vergunningsaanvraag. Ik heb een vraag over de weigeringsgronden die arbitragezaak die Shell en Exxon zijn gestart. Dat loopt momenteel Omdat zij zoveel mogelijk willen halen uit die gaswinning.
Guest-7;Is het zo dat dat een weigeringsgrond is dat er nu een arbitragezaak loopt dat de minister nu kan zeggen? Nee, die vergunning verlenen we niet Omdat die zaak nog loopt.
Guest-7;Voorzitter, ik moet even oppassen dat hier mijn collega Eddy van Maaren, staatssecretaris Herstel Groningen heeft ook een deel van de verantwoordelijkheid op dit dossier. Ik wil even zorgen dat dingen niet door elkaar lopen. Ik begrijp de vraag die u stelt, Maar het gaat hier om een.
Guest-7;Zelfstandige aanvraag voor het verlengen van een vergunning, waarbij ik dus ook kijk naar hoe ik dat moet beoordelen op op veiligheid, op effecten op natuur en Milieu en daarover krijg ik ook adviezen, zoals ik al zei Van een TNO van SODM voor ik het gesprek met bestuurders in Groningen en ook met inwoners. Daarom zeg ik ook hier via u voorzitter via mevrouw Teunissen dat ik naar warffum ga om daar ook in gesprek te gaan. En Dat is volgens mij ook een manier om.
Guest-7;Te werken aan vertrouwen. Ik snap echt dat het vertrouwen daarmee niet direct terug is, maar wel te werken aan vertrouwen en Dat is hoe ik te werk ga en wat ik om dit besluit op de goede manier te kunnen nemen zal doen.
Guest-4;Mevrouw Postma, NSC.
Guest-14;Ja dank voorzitter, allereerst minister hartelijk welkom In de plenaire zaal In de nieuwe rol die u hier heeft. Goed om je hier te zien. We hebben het inderdaad over kleine velden beleid en volgens mij u heeft het ook over van we We gaan kijken wat we met die vergunningaanvraag gaan doen. Voor NRC zijn er 3 belangrijke punten in en mijn vraag aan u is om daarop te reflecteren. De eerste is, wat is het advies van SODMTNO ik neem aan dat u daar een expert advies over heeft gevraagd en dat hij waarschijnlijk al bij het appartement ligt.
Guest-4;Ik ben nu al door uw tijd heen, dus.
Guest-14;Die andere twee punten heel kort en de tweede is de leveringszekerheid. Hoe gaan we ervoor zorgen dat het gas wat hier wordt gewonnen ook beschikbaar is voor de Nederlandse huishoudens? En het derde Misschien wel belangrijkste. Hoe kan de kunnen de inwoners van de gemeente Warffum en omstreken hiervan meeprofiteren?
Guest-7;Voorzitter dank u wel op de eerste twee punten dus de adviezen van SODM en TNO, maar ook de leveringszekerheid. Dat zijn allemaal elementen. Aspecten die mee worden gewogen in het besluit. Dus mijn reflectie is ja, dat neem ik mee en die wegen we mee in het kabinet en zal ik ook welk besluit er ook genomen, wordt toelichten aan de Kamer uiteraard hoe dat hoe dat gewogen is en het derde ja, dat hangt daar Natuurlijk mee Samen. Even afhankelijk van het besluit.
Guest-7;En dat volgt, wat betekent dat dan ook voor voor voor inwoners? En Dat is ook de reden dat dat gesprek zo belangrijk vindt om gewoon te horen. Wat is er nou nodig in deze in deze gemeente rondom ja gaswinning in het algemeen? En als dit specifieke besluit wel of niet door zou gaan wat, wat betekent dat dan? Ja en dat het Ik kan me voorstellen dat u denkt, ja, wat is dit voor reflectie? Maar het is een reflectie dat alle 3 de punten hun plek zullen krijgen In de afweging van het uiteindelijke besluit.
Guest-4;Www.
Guest-15;Ja dank u wel Voorzitter zou de minister aan kunnen geven hoe de tijdslijn richting een besluit eruit ziet en of zij van plan is om zelfstandig als kabinet het besluit te nemen of een besluit ter goedkeuring aan de Kamer voor te willen leggen. Wat zou zij in dit proces voorstellen?
Guest-7;Voorzitter over de tijd, ik ik ik. Ik vind het lastig om nu echt een een datum of een deadline te noemen, maar laat ik zeggen, mijn streven is om dat nog wel dit jaar te doen om het punt van duidelijkheid wat mevrouw Beckerman noemt mevrouw volgens mij ook mevrouw Rooderkerk dat Ik vind dat ook. We hebben te vaak dit soort besluiten heel lang om allerlei redenen, ook goede redenen overigens voor ons uitgeschoven, maar daar waar je duidelijkheid kan bieden, moet je dat doen, vind ik. Dus Dat is een tweede, is het voorleggen aan de Kamer? Ja, Het is een ik, ik zou dit even heel precies uit moeten zoeken.
Guest-7;En Misschien dat ik daar anders op terug mag komen bij u in een in een brief hoe die verantwoordelijkheid verdeling precies is, want anders. Ik wil ook even oppassen dat ik niet iets toezeg wat ik niet waar kan maken of later weer op terug moet komen. Dus ik stel voor.
Guest-4;Dat ik dit even schriftelijk aan u laat weten, prima dan danken wij de minister van klimaat en groene groei van harte voor haar aanwezigheid vandaag.
Guest-4;En dan geef ik het woord aan de heer Mohandes van de Fractie GroenLinks Partij.
Guest-2;Van de Arbeid.
Guest-4;En, Hij heeft een vraag.
Guest-4;Aan staatssecretaris Karremans.
Guest-4;U kunt gaan zitten, u kunt gaan zitten. Ja, u bent nieuw. Dat weet ik als u wilt staan mag het ook hoor. Dat kan allemaal bij ons.
Guest-4;Er is een lid van de SP die heel graag wil dat we allemaal gaan staan, dus.
Guest-4;De heer Mohandes.
Guest-5;Ja voorzitter dank u wel ook vanuit onze kant. Welkom aan de nieuwe staatssecretaris op deze portefeuille en ook leuk om weer alle collega's te zien in alle.
Guest-5;Mensen die dit debat volgen van harte welkom Voorzitter een mooi reces, Maar het slechtste nieuws. Wat wat ik zelf als Als ik betrek op de portefeuille die Ik heb moest lezen, is dat het aantal verdrinkingen in Nederland weer toeneemt.
Guest-5;Ook Als je dat afzet tegen de afgelopen jaren en ook het nieuws dat het aantal kinderen Zonder zwemdiploma toeneemt Omdat ouders het gewoon niet meer kunnen betalen. Gemiddelde zwemles neemt Alleen maar toe. De Kamer heeft hier eerder dit jaar al. Ik zag maar even in mijn eigen woorden de noodklok geluid. We hebben daar ook gevraagd van het kabinet. We zien graag een trendbreuk met hele concrete voorstellen. Neem bijvoorbeeld de betaalbaarheid van zwemlessen die steeds meer In de buurt van € 20 komen voor per kind per les. Dat zijn enorme bedragen.
Guest-5;En de groep die afhaakt dat zijn niet de lagere inkomens, dat zijn juist ook hè? Want daar zijn vaak regelingen voor. Die worden niet altijd gevonden, Maar het gaat hier om juist om de groep die buiten alle regelingen valt die minder dan modaal verdient.
Guest-5;En dat zijn gewone salarissen en of vraag ik me af of we dit toestaan als politiek, want we blijven toekijken als toeschouwer of dat wij vinden dat we hier ook met elkaar ook vanuit de Kamer moeten kijken van hoe gaan we die trend keren? Hoe zorgen we ervoor dat de zwembaden in publieke handen blijven? Hoe gaan we ervoor zorgen dat wij ook aan de bal blijven om het tarief voor een zwemles te bepalen Als we echt willen dat zwemonderwijs weer in publieke handen komt, dan vraagt dat een trendbreuk, dan vraagt hem concrete actie en We zijn heel erg benieuwd.
Guest-5;Hoe deze staatssecretaris deze portefeuille hier ook serieus mee aan de slag gaat en niet blijft langs de zijlijn en dit aanschouwt, want dat zou nou ja, dan dan zal hij via uw Voorzitter.
Guest-5;Ja, en ook een andere Kamer gaan treffen, want Dit is gewoon een nationaal vraagstuk. Ik ben heel benieuwd hoe de staatssecretaris hier naar kijkt.
Guest-4;Het wordt aan de staatssecretaris.
Guest-3;Dank Voorzitter, ja, je hebt geen knopje hier, hè? Begrijp ik. Het gaat vanzelf lopen. Ja, dat dat idee heb ik al twee maanden lang inderdaad. Dank de mooi om hier te zijn en ook dank voor de voor de vragen, want Het is inderdaad een een terecht onderwerp wat de heer Man is aansnijdt. De toeval wil dat ik vanochtend nog tegen mijn vrouw zei, wij moeten onze dochter gaan inschrijven voor zwemles.
Guest-3;Heel goed. Toen wist ik nog niet dat ik hier zou staan, Maar het stuk op zichzelf heel logisch Omdat er inderdaad een zorgwekkende.
Guest-3;Trend aan de hand is. We hebben te maken met steeds meer jonge Mensen, kinderen die geen zwemdiploma halen en kosten spelen daarbij absoluut een rol. Natuurlijk niet altijd een rol, maar kosten die ja spelen hier nou eenmaal gewoon een rol. Dat heb ik als wethouder in Rotterdam ook gezien. Een van de armste gemeenten van Van Nederland. Daar hebben we inderdaad regelingen, maar wat we daar ook zagen en dat zal ongetwijfeld ook het geval zijn. In andere andere gemeenten is dat niet Iedereen die regelingen weet te vinden, ze zijn ook al niet.
Guest-3;Dat niet altijd even duidelijk aangemerkt en dan is het ook niet altijd even makkelijk om daar een beroep op te doen. Dus waar de heer Mohandes het had over de middeninkomens wat ik Natuurlijk waardeer ook vanuit mijn partij politieke Achtergrond wil ik het ook toch even expliciet hebben over de lagere inkomens, Omdat die ook niet altijd bediend worden met die regelingen. Ze zijn er wel, maar ze weten niet altijd de weg te vinden. Dus Ik denk dat daar een taak ligt voor de overheid en wat ik daar concreet aan wil doen is dat we daar in eerste instantie een hele duidelijke analyse op hebben en daar heeft de heer Mohandis in het verleden ook naar gevraagd en dat zijn we nu ook op het ministerie aan het doen.
Guest-3;Om te kijken van hoe zitten die regelingen nou in elkaar? Welke gemeenten doen dat nou wel? Welke gemeenten doen dat nou niet? En hoe zit het met de bekendheid van die regelingen en het gebruik van die regelingen? En Ik denk dat dat een eerste hele goede stap is om te doen voordat we naar de oplossing gaan, dus je begint Natuurlijk met de problemen of problemen. Zijn we het eens dat dat wil ik onderstrepen. Vervolgens moeten we een hele duidelijke analyse hebben van waar het probleem zit om vervolgens ook dat probleem te kunnen oplossen, Maar dat het probleem opgelost dient te worden. Dat ben ik met de heer Mohandes 100% eens.
Guest-3;Voorzitter.
Guest-5;Fijn dat de analyse wordt gedeeld, dat wordt dat worden mooie tijden. De begroting voor sport. Dat gaan we ook een keer meemaken dit jaar ook daar zullen we weer stilstaan bij. Wat hebben we als Kamer besloten en waar staat dat nu? Heel concreet is? Hoe zorgen we ervoor dat u een handrem procedure krijgt als ze zwembad dreigt om te vallen? We zien nu dat er geen eindverantwoordelijk is in het spel en een gemiddelde vierkante meter zwemwater neemt af, dus heel concreet ben ik benieuwd of u daar op doorgaat als u het met mij eens bent dat alle laagste dat alle lagere inkomensgroepen moeten worden voorzien.
Guest-5;Dan moeten we vanaf vandaag uitsluiten dat er gemeenten zijn die in hun armoederegelingen geen zwemlessen aanbieden voor een a diploma. Niet alle gemeenten in Nederland doen dat. Volgens mij is dat een Quick win waar u heel snel mee aan de slag kan en volgens mij ligt daar ook een motie aan ten grondslag. Dus ik zou zeggen aan de slag op dat punt. En tot slot is het ook zoeken naar een manier om ervoor te zorgen dat rijk gemeenten, onderwijs en andere maatschappelijke partijen Samen voor zorgen dat we Iedereen bereiken. Alle kinderen bereiken jong en oud.
Guest-5;En ook dat laatste niet onbelangrijk, oud, maar ook Mensen met een beperking en Iedereen die toegankelijkheidsproblemen ervaart de de trend zullen We moeten keren en Als we het over ouderen hebben. Het is ook belangrijk dat er aanbod is voor ouderen, want daar zit ook veel schaamte of onwetendheid om ook het taboe van het behalen van een diploma op latere leeftijd gewoon te doen. Ik heb zelf afgelopen zomer ervaren hoe fijn Het is om gewoon veilig in het diepe te springen met mijn eigen kinderen, ongeacht dat je dan op 38 jarige leeftijd.
Guest-5;Als kom dus ik. Ik zou willen zeggen, er ligt genoeg Samen met het nisme, mevrouw van dijk, een andere collega's aan er genoeg moties ingediend. Ik hoop echt dat we in november bij de begroting of ja een stap verder zijn en niet blijven hangen in een gedeelde analyse.
Guest-3;Ja voorzitter deels zeker zeker mee eens over de analyse, want daar is Natuurlijk al het een en ander gezegd, daar zijn we echt nu in aan het duiken, hè? Dus dan gaat het over de regelingen. In hoeverre die die die verbeterd kunnen worden. Daar zit echt wel verbetering in. Daar ben ik van overtuigd, dus, dus daar zijn we mee bezig. We zijn ook bezig met, want daar had de heer Manders het ook even over de financiële positie van zwembaden, vooral ook In de regio, hè dus van hoe staat het daar nou mee? We doen dat ook bij bijvoorbeeld GZ instellingen, we doen dat bij jeugdzorginstellingen.
Guest-3;Wil je gewoon weten? Hoe zit het met de financiële positie van zwembaden? En We zijn Natuurlijk ook naar aanleiding van een motie bezig met de scenario's uitwerken voor schoolzwemmen hè dus en daar verwacht ik ook begin volgend jaar te komen met die scenario's en dan kan de Kamer ook een keuze maken in wat hoe zij daarmee verder wil. Ik zeg er wel bij, dat zal waarschijnlijk geld kosten, dus dat moet ook ergens anders weer gehaald worden. Kijk, alles kan maar alles kost ook geld. Maar ja, Natuurlijk wil je wel even weten wat de mogelijkheden zijn en dat zijn we nu aan het doen, dus Ik weet niet of we daar in november al aan toe komen.
Guest-3;Maar er wordt hard gewerkt om dat allemaal in kaart te brengen.
Guest-4;U heeft nog 6 seconden.
Guest-5;Nou, ik zie uit naar de concrete voorstellen en Ik hoop echt dat deze Kamer die welwillend was in of in februari dit jaar. Dat blijft de komende tijd en wij zullen u daaraan houden en en het kabinet zeker.
Guest-4;Ja van Nispen SP.
Guest-14;In een waterrijk land is het letterlijk van levensbelang dat alle kinderen leren zwemmen. Niet Alleen de kinderen van de ouders die het makkelijk of moeilijk kunnen betalen, maar echt alle kinderen, want anders worden de klassenverschillen nog groter, juist op een terrein Als de zwemveiligheid. En Ik hoop dat de staatssecretaris deelt dat dat niet kan en dat we daar iets tegen moeten doen. En in dat kader heb ik hem de volgende vraag, is hij bereid in ieder geval af te zien van de BTW verhoging, onder andere op sport, Omdat dat leidt tot nog duurdere zwemlessen?
Guest-14;En ik moedig de staatssecretaris aan om echt de voorstellen over om over te nemen die wij al gedaan hebben om dit collectief te organiseren. We weten al wat het kost. Dat hoeft niet uitgezocht te worden. Dat is al in kaart gebracht en Het is een kwestie van anders financieren en niet zozeer van meer financieren.
Guest-3;Voorzitter dank voor de vraag denk denk hele goede vragen ook over Als het gaat om de de de de klas ongelijkheid die kan ontstaan op het moment dat Natuurlijk de ene ouder en de dochter van de staatssecretaris wel op zwemles kan. En 1 1 1 1 dochter van een bijstandsmoeder die paar straten verderop woont niet Dat is Natuurlijk oneerlijk en ik snap dat je dat dat wil voorkomen. Tegelijkertijd is het Natuurlijk ook een verantwoordelijkheid voor de ouders. Dat onderkennen wij Natuurlijk ook met zijn allen, maar die ik geloof dat elke ouder zijn verantwoordelijkheid zijn of haar verantwoordelijkheid wil nemen om.
Guest-3;Zijn of haar kind Natuurlijk goed te Laten zwemmen, dus daar is Natuurlijk ook. Ja, dat snap ik ook heel goed. Krijg je snel te maken met schaamte Als je niet die zwemles voor je kind kan betalen, terwijl Iedereen In de klas Natuurlijk wel op zwemles kan, dat wil je voorkomen. Laat laat laat laat dat Helder zijn. Ik zeg er wel bij. Dat begint Natuurlijk bij de ouder en daarvoor hebben we ook regelingen om om hen daarbij te helpen Als het gaat om de BTW verhoging op sport daar dat wordt, daar wordt gewerkt door de door de staatssecretaris van Financiën van toeslagen. Dat zit in zijn portefeuille, Hij is verantwoordelijk voor.
Guest-3;Uitwerking daarvan, Dat is een afspraak uit het hoofdlijnenakkoord. Ik zeg er wel bij voor de de grootste groep zwembaden in Nederland geldt die BTW verhoging niet Omdat er überhaupt geen BTW op die zwemmertjes zit. Gelukkig bij zeg ik, hè, zeg ik er dan maar even bij. Maar de uitwerking van die maatregel dat zegt zit zit bij mijn collega Idzinga en die zal daar Natuurlijk ook richting de Kamer de plannen voor presenteren.
Guest-4;De heer van Baarle van.
Guest-8;Denk ja Voorzitter dat zo'n beetje 1/4 van de ouders in Nederland aangeeft van zwemles af te zien voor hun kinderen, Omdat ze het niet kunnen betalen en van de ouders met een iets lager inkomen. Ook bijna een kwart zegt, We hebben zelfs de zwemlessen stop gezet.
Guest-16;Vanwege de hoge kosten dat zijn.
Guest-16;In een land als Nederland echt schandalige constateringen.
Guest-16;Ook gezien het feit dat het aantal diploma's onder kinderen al die jaren In de afgelopen tijd aan het dalen is.
Guest-16;En, ik hoor bij de staatssecretaris.
Guest-16;Te weinig urgentiegevoel om dit aan te pakken, want wat ik met hem bij hem hoor is We gaan een analyse doen en We gaan begin volgend jaar gaan. We kijken op welke manier we eventueel schoolzwemmen zouden kunnen invoeren en ik zou graag van de staatssecretaris willen weten of hij die analyse op de kortst mogelijke termijn gaat afronden. Wanneer en of hij dan ook gewoon met concrete maatregelen komt, hoe gaan we ervoor zorgen dat die regelingen bekender zijn bij ouders? Hoe gaan we ervoor zorgen dat gemeenten die op dit moment het niet aanbieden dat binnen een maand of twee maanden wel gaan doen?
Guest-16;Meer urgentie vraag ik aan de staatssecretaris.
Guest-3;Ja voorzitter Als de heer van Baarle meer urgentie vraagt, kan hij die krijgen, want die is er altijd al geweest. Laat daar geen twijfel over over bestaan. Nu is het zo dat ik Natuurlijk geen magische knop heb waarop, waarop ik die trend in één keer kan keren, maar Er zijn wel maatregelen die We kunnen nemen. Ik denk wel dat het heel belangrijk is voordat je aan een oplossing gaat werken. Dat hebben we ook gezien in het verleden dat het heel belangrijk is dat je weet waar je het over hebt en dat je heel goed snapt wat het probleem is en Daarom vind ik het wel belangrijk om heel goed die analyse te doen. Dat doen we zo snel mogelijk. Nou dat dat daar kan ik volop ja tegen zeggen.
Guest-3;En vervolgens werken werken we uiteraard zo snel mogelijk aan een oplossing, want ik deel de analyse en de urgentie compleet. Het is absoluut onwenselijk dat zoveel kinderen inmiddels Zonder zwemdiploma zitten. We doen het vergeleken met andere Europese landen goed, maar Als je kijkt naar Nederland en de trend, dan is sinds 2018 het aantal kinderen Zonder een of meer zwemdiploma's verdubbeld en dat vind ik niet acceptabel.
Guest-16;Ja voorzitter, deze staatssecretaris en ik komen toevallig allebei uit Rotterdam. Verder kennen we elkaar Natuurlijk helemaal niet.
Guest-16;En deze staatssecretaris kent dan ook de cijfers uit Rotterdam, waarbij we weten dat bijvoorbeeld in Rotterdam Zuid waar ik vandaan kom.
Guest-16;Het aantal zwemdiploma's om de kinderen zo een beetje de helft lager ligt als onder het landelijk gemiddelde en.
Guest-16;De verschrikkelijke dingen die we zien is dat kinderen gewoon Omdat ze niet kunnen zwemmen verdrinken en de staatssecretaris geeft aan zo spoedig mogelijk en ik zou hem willen vragen zo spoedig mogelijk kan hij daar een datum bij geven, kan hij op zijn minst zeggen. Wij hebben binnen een maand hebben wij die analyse afgerond.
Guest-16;En, wij komen dan ook met de eerste concrete verbetermaatregelen om die bekendheid van die regelingen te vergroten om iets te doen. Er is meer urgentie nodig dan Alleen zo spoedig mogelijk.
Guest-3;Ja voorzitter zo snel mogelijk betekent zo snel mogelijk, dus dus waar We kunnen doen we dat Natuurlijk. En waar kan versnellen? Doe ik dat ook? De heer van Baarle moet zich Natuurlijk wel voorstellen dat wij al die gemeenten langs moeten, want het zijn allemaal gemeentelijke regelingen en het zijn er nogal wat aantal gemeenten en dat kost veel werk, hè? Er is niet één gemeente, Er zijn er heel veel niet hè? Buiten Rotterdam en wij kennen elkaar inderdaad uit Rotterdam zijn er heel veel gemeenten met dergelijke regelingen en die zijn we onder de loep nemen. Tenminste, dat doet het mulier onderzoek om instituut en dat kost nou eenmaal tijd, daar ga ik gewoon eerlijk over zijn, Ik ga niet 1 1 1 nu om de vraag maar snel makkelijk te kunnen beantwoorden zeggen.
Guest-3;Volgende maand ligt het ligt het op de mat, Dat is niet zo. Ik wil het goed doen. Dat vind ik heel belangrijk. Want is een trend die meerjarig aan de hand is aan de aan de gang is en die moeten we keren. Maar daarvoor heb je goede oplossingen nodig en heeft de Kamer ook niks aan nu stoere praat van mij dat het zo snel mogelijk wordt afgerond om dan vervolgens maar met 1/2 analyse te zitten, dus die analyse wil ik goed doen, Maar ik deel de urgentie over Rotterdam Zuid gesproken, nou, Ik heb twee weken geleden nog contact gehad hierover met de verantwoordelijk wethouder. Die kent de heer van Baarle ook goed en die geeft ook aan mij.
Guest-3;Aan bijvoorbeeld dat heel vaak in regelingen wel de zwemlessen worden vergoed, Maar de diploma kosten niet. En dat dat Mensen ook weer houdt. Kijk zo en zo zal dat in elke gemeente verschillend zijn, want elke gemeente ook als samenstelling is Natuurlijk verschillend, dus je zal ook niet te maken hebben waarschijnlijk met een generieke maatregel, maar kijken per gemeente per geval per probleem wat je daaraan kan doen en Dat is hoe ik erin zit. Dat probleem moet worden opgelost.
Guest-4;Mevrouw van den Hul van de VVD.
Guest-6;Ja voorzitter dank en Ik ben blij komend uit een waterrijke provincie dat de staatssecretaris hard achteraan gaat. Maar Er zijn Natuurlijk al dingen die nu wel al bekend zijn. Daar hoef je geen analyse op los te Laten. Daar is een jeugdsportfonds. Er zijn gewoon andere regelingen. En ja, ik vraag me af, kan daar dan nog niet begonnen worden met te kijken van om die weer een beetje in het voetlicht te brengen, zodat je daar al vooruitloopt? Op een analyse van dingen die er al zijn? Ik denk altijd laaghangend fruit, pak dat eerst.
Guest-6;En Als we daarmee beginnen, dan loop je al vooruit, denk ik. Op verdere analyse is de staatssecretaris daartoe bereid.
Guest-3;Voorzitter waar ik Natuurlijk vandaag actie kan ondernemen, kan ik vandaag actie ondernemen. Nou alle 100.000 en Mensen die naar de livestream kijken van dit mondelinge vragenuur die hebben het jeugdsportfonds Natuurlijk al een paar keer voorbij horen komen, dus Ik hoop dat dat ook weer bijdraagt aan de naamsbekendheid, Maar de eerlijkheid gebiedt Natuurlijk te zeggen, is dat op het moment dat je Mensen in aanraking daar wil daar daarmee wil Laten komen. Dus de bekendheid wil vergroten. Op dat moment is op het moment dat je Natuurlijk je gaat inschrijven voor zwemles.
Guest-3;Ik heb net bijvoorbeeld nog even gekeken op een aantal websites van gemeenten, dus kijken van nou, wat zijn die prijzen nu en en en hoe is dat buiten Rotterdam geregeld? Heel vaak staat er niet onder de tarieven kaart gelijk benoemd. Kan je dit niet betalen of heb je moeite met dit te betalen, dan kan je hier een aanvraag doen. Daar moet je helemaal een heel stuk voor doorscrollen. Het zijn ook van dat soort, vaak simpele oplossingen die kunnen helpen, dus waar ik dat Natuurlijk morgen al kan doen en wethouders daarop kan wijzen, doe ik dat, Maar de eerlijkheid gebiedt te zeggen, Het is een ingewikkeld probleem, Het is niet zo makkelijk.
Guest-3;Een in kaart te brengen, laat staan op te lossen en tegelijkertijd moet dat Natuurlijk ook die oplossing weer plaatsvinden bij de gemeente. Want Ik heb het geld niet om dat om dat om dat nu te doen, dus Ik ben het eens met met de oproep van mevrouw van der. Heel Ik ga ermee aan de slag, Maar ik hecht wel aan een aan een degelijk probleemanalyse om dit probleem flin.
Guest-4;Aan te pakken heel goed tot zover dit vragenuurtje dank aan de staatssecretaris stiekem is weer heb uitgezet. Ik schors enkele minuten en dan gaan we naar de regeling van werkzaamheden.
Unknown;
Unknown;
Unknown;
Unknown;
Unknown;
Unknown;
Unknown;
Unknown;
Unknown;
Unknown;
Unknown;
Unknown;
Unknown;
Unknown;
Unknown;
Unknown;
Unknown;
Unknown;
Unknown;
Unknown;
Unknown;
Unknown;
Unknown;
Unknown;
Unknown;
Guest-4;Ik heropen de vergadering deel aan de Kamer mee dat de heer Eerdmans zich voor de vergadering heeft afgemeld. Ik sta voor dit bericht voor kennisgeving aan te nemen op de tafel van de griffier ligt een lijst van komen stuk. Op die lijst staan voorstellen voor de behandeling van deze stukken als voor het eind van de vergadering daartegen bezwaar is gemaakt.
